-- =============================================================
-- 中州养老（ElderlyCare）业务模块初始化数据脚本
-- 模块：nursing-platform（养老护理综合业务平台）
-- 说明：包含合理的业务数据关系
-- 创建时间：2026-06-26
-- =============================================================

-- =============================================================
-- 一、基础设施数据（楼层、房型、房间、床位、设备）
-- =============================================================

-- ----------------------------
-- 1. 楼层数据（3层）
-- ----------------------------
INSERT INTO `nursing_floor` (`id`, `name`, `floor_no`, `status`, `create_by`, `create_time`, `remark`) VALUES
(1, '一楼', 1, 1, 'admin', NOW(), '一楼为接待区与公共活动区域'),
(2, '二楼', 2, 1, 'admin', NOW(), '二楼为自理老人居住区'),
(3, '三楼', 3, 1, 'admin', NOW(), '三楼为半自理/不能自理老人居住区');

-- ----------------------------
-- 2. 房型数据（3种房型）
-- ----------------------------
INSERT INTO `nursing_room_type` (`id`, `name`, `bed_count`, `price`, `status`, `description`, `create_by`, `create_time`, `remark`) VALUES
(1, '单人间', 1, 5000.00, 1, '独立房间，配备独立卫生间、空调、电视', 'admin', NOW(), '高端房型'),
(2, '双人间', 2, 3500.00, 1, '两人合住，配备独立卫生间、空调', 'admin', NOW(), '标准房型'),
(3, '三人房', 3, 2500.00, 1, '三人合住，配备公共卫生间、空调', 'admin', NOW(), '经济房型');

-- ----------------------------
-- 3. 房间数据（每层若干房间）
-- 二楼：4个单人间 + 3个双人间 + 2个三人房
-- 三楼：2个单人间 + 4个双人间 + 3个三人房
-- ----------------------------
INSERT INTO `nursing_room` (`id`, `room_no`, `floor_id`, `room_type_id`, `status`, `create_by`, `create_time`, `remark`) VALUES
-- 二楼房间（ID: 1-9）
(1, '201', 2, 1, 1, 'admin', NOW(), '二楼单人间'),
(2, '202', 2, 1, 1, 'admin', NOW(), '二楼单人间'),
(3, '203', 2, 1, 1, 'admin', NOW(), '二楼单人间'),
(4, '204', 2, 1, 1, 'admin', NOW(), '二楼单人间'),
(5, '205', 2, 2, 1, 'admin', NOW(), '二楼双人间'),
(6, '206', 2, 2, 1, 'admin', NOW(), '二楼双人间'),
(7, '207', 2, 2, 1, 'admin', NOW(), '二楼双人间'),
(8, '208', 2, 3, 1, 'admin', NOW(), '二楼三人房'),
(9, '209', 2, 3, 1, 'admin', NOW(), '二楼三人房'),
-- 三楼房间（ID: 10-18）
(10, '301', 3, 1, 1, 'admin', NOW(), '三楼单人间'),
(11, '302', 3, 1, 1, 'admin', NOW(), '三楼单人间'),
(12, '303', 3, 2, 1, 'admin', NOW(), '三楼双人间'),
(13, '304', 3, 2, 1, 'admin', NOW(), '三楼双人间'),
(14, '305', 3, 2, 1, 'admin', NOW(), '三楼双人间'),
(15, '306', 3, 2, 1, 'admin', NOW(), '三楼双人间'),
(16, '307', 3, 3, 1, 'admin', NOW(), '三楼三人房'),
(17, '308', 3, 3, 1, 'admin', NOW(), '三楼三人房'),
(18, '309', 3, 3, 1, 'admin', NOW(), '三楼三人房');

-- ----------------------------
-- 4. 床位数据（根据房型生成对应数量的床位）
-- 单人间每房间1个床位，双人间每房间2个床位，三人房每房间3个床位
-- ----------------------------
INSERT INTO `nursing_bed` (`id`, `bed_no`, `room_id`, `bed_status`, `device_bind`, `device_no`, `status`, `create_by`, `create_time`, `remark`) VALUES
-- 201-204 单人间（各1个床位）
(1, '201-A', 1, 1, 1, 'DEV-001', 1, 'admin', NOW(), '已入住'),
(2, '202-A', 2, 0, 0, NULL, 1, 'admin', NOW(), '空闲'),
(3, '203-A', 3, 1, 1, 'DEV-002', 1, 'admin', NOW(), '已入住'),
(4, '204-A', 4, 0, 0, NULL, 1, 'admin', NOW(), '空闲'),
-- 205-207 双人间（各2个床位）
(5, '205-A', 5, 1, 1, 'DEV-003', 1, 'admin', NOW(), '已入住'),
(6, '205-B', 5, 1, 1, 'DEV-004', 1, 'admin', NOW(), '已入住'),
(7, '206-A', 6, 0, 0, NULL, 1, 'admin', NOW(), '空闲'),
(8, '206-B', 6, 3, 0, NULL, 1, 'admin', NOW(), '预订'),
(9, '207-A', 7, 1, 0, NULL, 1, 'admin', NOW(), '已入住'),
(10, '207-B', 7, 0, 0, NULL, 1, 'admin', NOW(), '空闲'),
-- 208-209 三人房（各3个床位）
(11, '208-A', 8, 1, 0, NULL, 1, 'admin', NOW(), '已入住'),
(12, '208-B', 8, 0, 0, NULL, 1, 'admin', NOW(), '空闲'),
(13, '208-C', 8, 2, 0, NULL, 1, 'admin', NOW(), '维修中'),
(14, '209-A', 9, 0, 0, NULL, 1, 'admin', NOW(), '空闲'),
(15, '209-B', 9, 0, 0, NULL, 1, 'admin', NOW(), '空闲'),
(16, '209-C', 9, 0, 0, NULL, 1, 'admin', NOW(), '空闲'),
-- 301-302 单人间（各1个床位）
(17, '301-A', 10, 1, 1, 'DEV-005', 1, 'admin', NOW(), '已入住'),
(18, '302-A', 11, 1, 1, 'DEV-006', 1, 'admin', NOW(), '已入住'),
-- 303-306 双人间（各2个床位）
(19, '303-A', 12, 1, 1, 'DEV-007', 1, 'admin', NOW(), '已入住'),
(20, '303-B', 12, 1, 1, 'DEV-008', 1, 'admin', NOW(), '已入住'),
(21, '304-A', 13, 1, 0, NULL, 1, 'admin', NOW(), '已入住'),
(22, '304-B', 13, 0, 0, NULL, 1, 'admin', NOW(), '空闲'),
(23, '305-A', 14, 1, 1, 'DEV-009', 1, 'admin', NOW(), '已入住'),
(24, '305-B', 14, 1, 1, 'DEV-010', 1, 'admin', NOW(), '已入住'),
(25, '306-A', 15, 0, 0, NULL, 1, 'admin', NOW(), '空闲'),
(26, '306-B', 15, 3, 0, NULL, 1, 'admin', NOW(), '预订'),
-- 307-309 三人房（各3个床位）
(27, '307-A', 16, 1, 0, NULL, 1, 'admin', NOW(), '已入住'),
(28, '307-B', 16, 1, 0, NULL, 1, 'admin', NOW(), '已入住'),
(29, '307-C', 16, 0, 0, NULL, 1, 'admin', NOW(), '空闲'),
(30, '308-A', 17, 1, 1, 'DEV-011', 1, 'admin', NOW(), '已入住'),
(31, '308-B', 17, 1, 1, 'DEV-012', 1, 'admin', NOW(), '已入住'),
(32, '308-C', 17, 1, 1, 'DEV-013', 1, 'admin', NOW(), '已入住'),
(33, '309-A', 18, 0, 0, NULL, 1, 'admin', NOW(), '空闲'),
(34, '309-B', 18, 0, 0, NULL, 1, 'admin', NOW(), '空闲'),
(35, '309-C', 18, 0, 0, NULL, 1, 'admin', NOW(), '空闲');

-- ----------------------------
-- 5. 设备数据（智能床绑定到部分床位）
-- ----------------------------
INSERT INTO `nursing_device` (`id`, `device_no`, `device_name`, `device_type`, `bed_id`, `status`, `create_by`, `create_time`, `remark`) VALUES
(1, 'DEV-001', '智能床位监测系统-001', 0, 1, 1, 'admin', NOW(), '绑定床位201-A'),
(2, 'DEV-002', '智能床位监测系统-002', 0, 3, 1, 'admin', NOW(), '绑定床位203-A'),
(3, 'DEV-003', '智能床位监测系统-003', 0, 5, 1, 'admin', NOW(), '绑定床位205-A'),
(4, 'DEV-004', '智能床位监测系统-004', 0, 6, 1, 'admin', NOW(), '绑定床位205-B'),
(5, 'DEV-005', '智能床位监测系统-005', 0, 17, 1, 'admin', NOW(), '绑定床位301-A'),
(6, 'DEV-006', '智能床位监测系统-006', 0, 18, 1, 'admin', NOW(), '绑定床位302-A'),
(7, 'DEV-007', '智能床位监测系统-007', 0, 19, 1, 'admin', NOW(), '绑定床位303-A'),
(8, 'DEV-008', '智能床位监测系统-008', 0, 20, 1, 'admin', NOW(), '绑定床位303-B'),
(9, 'DEV-009', '智能床位监测系统-009', 0, 23, 1, 'admin', NOW(), '绑定床位305-A'),
(10, 'DEV-010', '智能床位监测系统-010', 0, 24, 1, 'admin', NOW(), '绑定床位305-B'),
(11, 'DEV-011', '智能床位监测系统-011', 0, 30, 1, 'admin', NOW(), '绑定床位308-A'),
(12, 'DEV-012', '智能床位监测系统-012', 0, 31, 1, 'admin', NOW(), '绑定床位308-B'),
(13, 'DEV-013', '智能床位监测系统-013', 0, 32, 2, 'admin', NOW(), '绑定床位308-C，故障状态'),
(14, 'DEV-014', '紧急呼叫器-001', 1, NULL, 1, 'admin', NOW(), '公共区域呼叫器'),
(15, 'DEV-015', '健康监测设备-001', 2, NULL, 1, 'admin', NOW(), '移动健康监测设备');

-- =============================================================
-- 二、护理服务数据（项目、计划、等级、关联）
-- =============================================================

-- ----------------------------
-- 6. 护理项目数据（10个常用护理项目）
-- ----------------------------
INSERT INTO `nursing_project` (`id`, `name`, `order_no`, `unit`, `price`, `image`, `nursing_requirement`, `status`, `create_by`, `create_time`, `remark`) VALUES
(1, '晨间护理', 1, '次', 50.00, NULL, '协助老人起床、洗漱、更衣，保持个人卫生', 1, 'admin', NOW(), '每日基础护理'),
(2, '晚间护理', 2, '次', 50.00, NULL, '协助老人洗漱、更衣、就寝，检查睡眠环境', 1, 'admin', NOW(), '每日基础护理'),
(3, '餐前准备', 3, '次', 30.00, NULL, '协助老人餐前洗手、准备餐具', 1, 'admin', NOW(), '用餐辅助'),
(4, '用餐辅助', 4, '次', 40.00, NULL, '协助老人进食，观察进食情况，记录进食量', 1, 'admin', NOW(), '用餐辅助'),
(5, '服药护理', 5, '次', 35.00, NULL, '按时提醒老人服药，确认服药情况，记录服药时间', 1, 'admin', NOW(), '医疗护理'),
(6, '身体清洁', 6, '次', 80.00, NULL, '协助老人洗澡或擦身，保持皮肤清洁', 1, 'admin', NOW(), '每周护理'),
(7, '床单位整理', 7, '次', 20.00, NULL, '整理床铺、更换床单、保持床位整洁', 1, 'admin', NOW(), '环境维护'),
(8, '健康巡检', 8, '次', 25.00, NULL, '定时巡视，观察老人状态，记录异常情况', 1, 'admin', NOW(), '日常巡检'),
(9, '康复训练', 9, '次', 100.00, NULL, '根据康复计划协助老人进行康复训练', 1, 'admin', NOW(), '康复护理'),
(10, '心理关怀', 10, '次', 60.00, NULL, '与老人沟通交流，关注心理健康', 1, 'admin', NOW(), '心理护理');

-- ----------------------------
-- 7. 护理计划数据（3个护理计划）
-- ----------------------------
INSERT INTO `nursing_plan` (`id`, `plan_name`, `sort_no`, `status`, `create_by`, `create_time`, `remark`) VALUES
(1, '自理老人护理计划', 1, 1, 'admin', NOW(), '适用于自理老人，提供基础生活辅助'),
(2, '半自理老人护理计划', 2, 1, 'admin', NOW(), '适用于半自理老人，提供中等程度护理'),
(3, '不能自理老人护理计划', 3, 1, 'admin', NOW(), '适用于不能自理老人，提供全方位护理');

-- ----------------------------
-- 8. 护理等级数据（3个护理等级，关联护理计划）
-- ----------------------------
INSERT INTO `nursing_level` (`id`, `name`, `plan_id`, `fee`, `description`, `status`, `create_by`, `create_time`, `remark`) VALUES
(1, '自理级', 1, 3000.00, '老人能独立完成日常生活，仅需少量辅助', 1, 'admin', NOW(), '护理等级-自理'),
(2, '半自理级', 2, 4500.00, '老人部分日常生活需要协助，需中等程度护理', 1, 'admin', NOW(), '护理等级-半自理'),
(3, '不能自理级', 3, 6000.00, '老人日常生活完全依赖护理人员，需全方位护理', 1, 'admin', NOW(), '护理等级-不能自理');

-- ----------------------------
-- 9. 护理项目计划关联数据（为每个计划配置护理项目）
-- 自理老人计划：晨间护理、晚间护理、餐前准备、健康巡检（每日）
-- 半自理老人计划：自理计划项目 + 用餐辅助、服药护理、身体清洁（每日/每周）
-- 不能自理老人计划：半自理计划项目 + 康复训练、心理关怀（每日）
-- ----------------------------
INSERT INTO `nursing_project_plan` (`id`, `plan_id`, `project_id`, `execute_time`, `execute_cycle`, `execute_frequency`, `create_by`, `create_time`, `remark`) VALUES
-- 自理老人计划（plan_id=1）
(1, 1, 1, '07:00', 0, 1, 'admin', NOW(), '每天7点执行晨间护理'),
(2, 1, 2, '21:00', 0, 1, 'admin', NOW(), '每天21点执行晚间护理'),
(3, 1, 3, '07:30,11:30,17:30', 0, 3, 'admin', NOW(), '每天餐前准备3次'),
(4, 1, 8, '08:00,12:00,16:00,20:00', 0, 4, 'admin', NOW(), '每天健康巡检4次'),
-- 半自理老人计划（plan_id=2）
(5, 2, 1, '07:00', 0, 1, 'admin', NOW(), '每天7点执行晨间护理'),
(6, 2, 2, '21:00', 0, 1, 'admin', NOW(), '每天21点执行晚间护理'),
(7, 2, 3, '07:30,11:30,17:30', 0, 3, 'admin', NOW(), '每天餐前准备3次'),
(8, 2, 4, '08:00,12:00,18:00', 0, 3, 'admin', NOW(), '每天用餐辅助3次'),
(9, 2, 5, '09:00,13:00,19:00', 0, 3, 'admin', NOW(), '每天服药护理3次'),
(10, 2, 6, '10:00', 1, 2, 'admin', NOW(), '每周身体清洁2次'),
(11, 2, 7, '09:00', 0, 1, 'admin', NOW(), '每天床单位整理'),
(12, 2, 8, '08:00,12:00,16:00,20:00', 0, 4, 'admin', NOW(), '每天健康巡检4次'),
-- 不能自理老人计划（plan_id=3）
(13, 3, 1, '07:00', 0, 1, 'admin', NOW(), '每天7点执行晨间护理'),
(14, 3, 2, '21:00', 0, 1, 'admin', NOW(), '每天21点执行晚间护理'),
(15, 3, 3, '07:30,11:30,17:30', 0, 3, 'admin', NOW(), '每天餐前准备3次'),
(16, 3, 4, '08:00,12:00,18:00', 0, 3, 'admin', NOW(), '每天用餐辅助3次'),
(17, 3, 5, '09:00,13:00,19:00', 0, 3, 'admin', NOW(), '每天服药护理3次'),
(18, 3, 6, '10:00', 0, 1, 'admin', NOW(), '每天身体清洁'),
(19, 3, 7, '09:00', 0, 1, 'admin', NOW(), '每天床单位整理'),
(20, 3, 8, '08:00,10:00,12:00,14:00,16:00,18:00,20:00', 0, 7, 'admin', NOW(), '每天健康巡检7次'),
(21, 3, 9, '15:00', 0, 1, 'admin', NOW(), '每天康复训练'),
(22, 3, 10, '14:00', 0, 1, 'admin', NOW(), '每天心理关怀');

-- =============================================================
-- 三、老人档案数据（老人、家属、关联）
-- =============================================================

-- ----------------------------
-- 10. 老人信息数据（15位老人，包含已入住和未入住）
-- 已入住老人关联床位和护理等级
-- ----------------------------
INSERT INTO `nursing_elder` (`id`, `name`, `gender`, `birthday`, `age`, `id_card`, `phone`, `address`, `avatar`, `level_id`, `bed_id`, `check_in_status`, `health_status`, `status`, `create_by`, `create_time`, `remark`) VALUES
-- 已入住老人（二楼：自理老人）
(1, '张三', 0, '1945-03-15', 81, '110101194503150011', '13800138001', '北京市朝阳区建国路88号', NULL, 1, 1, 1, 0, 1, 'admin', NOW(), '自理老人，入住201-A'),
(2, '李四', 0, '1948-07-20', 78, '110101194807200022', '13800138002', '北京市海淀区中关村大街66号', NULL, 1, 3, 1, 0, 1, 'admin', NOW(), '自理老人，入住203-A'),
(3, '王五', 1, '1950-05-10', 76, '110101195005100033', '13800138003', '北京市西城区金融街19号', NULL, 1, 5, 1, 0, 1, 'admin', NOW(), '自理老人，入住205-A'),
(4, '赵六', 1, '1952-11-25', 74, '110101195211250044', '13800138004', '北京市东城区王府井大街1号', NULL, 1, 6, 1, 0, 1, 'admin', NOW(), '自理老人，入住205-B'),
(5, '钱七', 0, '1955-02-08', 71, '110101195502080055', '13800138005', '北京市丰台区西客站南广场', NULL, 1, 9, 1, 0, 1, 'admin', NOW(), '自理老人，入住207-A'),
(6, '孙八', 1, '1958-09-30', 68, '110101195809300066', '13800138006', '北京市昌平区天通苑', NULL, 1, 11, 1, 0, 1, 'admin', NOW(), '自理老人，入住208-A'),
-- 已入住老人（三楼：半自理/不能自理老人）
(7, '周九', 0, '1940-01-01', 86, '110101194001010077', '13800138007', '北京市通州区新华大街', NULL, 2, 17, 1, 1, 1, 'admin', NOW(), '半自理老人，入住301-A'),
(8, '吴十', 1, '1942-06-15', 84, '110101194206150088', '13800138008', '北京市大兴区黄村镇', NULL, 2, 18, 1, 1, 1, 'admin', NOW(), '半自理老人，入住302-A'),
(9, '郑十一', 0, '1938-12-20', 88, '110101193812200099', '13800138009', '北京市房山区良乡', NULL, 2, 19, 1, 1, 1, 'admin', NOW(), '半自理老人，入住303-A'),
(10, '王十二', 1, '1939-04-05', 87, '110101193904050100', '13800138010', '北京市顺义区府前街', NULL, 2, 20, 1, 1, 1, 'admin', NOW(), '半自理老人，入住303-B'),
(11, '冯十三', 0, '1935-08-18', 91, '110101193508180111', '13800138011', '北京市怀柔区青春路', NULL, 3, 21, 1, 2, 1, 'admin', NOW(), '不能自理老人，入住304-A'),
(12, '陈十四', 1, '1936-11-12', 90, '110101193611120122', '13800138012', '北京市平谷区谷阳路', NULL, 3, 23, 1, 2, 1, 'admin', NOW(), '不能自理老人，入住305-A'),
(13, '褚十五', 0, '1937-03-25', 89, '110101193703250133', '13800138013', '北京市密云区鼓楼大街', NULL, 3, 24, 1, 2, 1, 'admin', NOW(), '不能自理老人，入住305-B'),
(14, '卫十六', 1, '1934-07-08', 92, '110101193407080144', '13800138014', '北京市延庆区妫水街', NULL, 3, 27, 1, 2, 1, 'admin', NOW(), '不能自理老人，入住307-A'),
(15, '蒋十七', 0, '1933-10-30', 93, '110101193310300155', '13800138015', '北京市门头沟区新桥路', NULL, 3, 28, 1, 2, 1, 'admin', NOW(), '不能自理老人，入住307-B'),
-- 未入住老人（预约中）
(16, '沈十八', 1, '1960-04-12', 66, '110101196004120166', '13800138016', '北京市石景山区古城路', NULL, NULL, NULL, 0, 0, 1, 'admin', NOW(), '预约入住，待审核'),
(17, '韩十九', 0, '1955-08-20', 71, '110101195508200177', '13800138017', '北京市朝阳区望京', NULL, NULL, NULL, 0, 0, 1, 'admin', NOW(), '咨询中'),
-- 已退住老人
(18, '杨二十', 1, '1940-02-14', 86, '110101194002140188', '13800138018', '北京市海淀区西土城路', NULL, NULL, NULL, 2, 0, 1, 'admin', NOW(), '2025年12月退住');

-- ----------------------------
-- 11. 家属信息数据（15位家属）
-- ----------------------------
INSERT INTO `nursing_family` (`id`, `name`, `gender`, `phone`, `id_card`, `address`, `relation`, `status`, `create_by`, `create_time`, `remark`) VALUES
(1, '张伟', 0, '13900139001', '110101198001010001', '北京市朝阳区建国路88号', '儿子', 1, 'admin', NOW(), '老人张三家属'),
(2, '张芳', 1, '13900139002', '110101198203150002', '北京市朝阳区建国路88号', '女儿', 1, 'admin', NOW(), '老人张三家属'),
(3, '李强', 0, '13900139003', '110101197507200003', '北京市海淀区中关村大街66号', '儿子', 1, 'admin', NOW(), '老人李四家属'),
(4, '王丽', 1, '13900139004', '110101198005100004', '北京市西城区金融街19号', '女儿', 1, 'admin', NOW(), '老人王五家属'),
(5, '赵明', 0, '13900139005', '110101197811250005', '北京市东城区王府井大街1号', '儿子', 1, 'admin', NOW(), '老人赵六家属'),
(6, '钱红', 1, '13900139006', '110101198202080006', '北京市丰台区西客站南广场', '女儿', 1, 'admin', NOW(), '老人钱七家属'),
(7, '孙刚', 0, '13900139007', '110101198509300007', '北京市昌平区天通苑', '儿子', 1, 'admin', NOW(), '老人孙八家属'),
(8, '周洁', 1, '13900139008', '110101197501010008', '北京市通州区新华大街', '女儿', 1, 'admin', NOW(), '老人周九家属'),
(9, '吴涛', 0, '13900139009', '110101197806150009', '北京市大兴区黄村镇', '儿子', 1, 'admin', NOW(), '老人吴十家属'),
(10, '郑敏', 1, '13900139010', '110101197212200010', '北京市房山区良乡', '女儿', 1, 'admin', NOW(), '老人郑十一家属'),
(11, '王鹏', 0, '13900139011', '110101197504050011', '北京市顺义区府前街', '儿子', 1, 'admin', NOW(), '老人王十二家属'),
(12, '冯霞', 1, '13900139012', '110101197008180012', '北京市怀柔区青春路', '女儿', 1, 'admin', NOW(), '老人冯十三家属'),
(13, '陈勇', 0, '13900139013', '110101197311120013', '北京市平谷区谷阳路', '儿子', 1, 'admin', NOW(), '老人陈十四家属'),
(14, '褚燕', 1, '13900139014', '110101197503250014', '北京市密云区鼓楼大街', '女儿', 1, 'admin', NOW(), '老人褚十五家属'),
(15, '卫军', 0, '13900139015', '110101197007080015', '北京市延庆区妫水街', '儿子', 1, 'admin', NOW(), '老人卫十六家属');

-- ----------------------------
-- 12. 老人家属关联数据（每位老人有1-2位家属，设置紧急联系人）
-- ----------------------------
INSERT INTO `nursing_elder_family` (`id`, `elder_id`, `family_id`, `relation`, `is_emergency`, `create_by`, `create_time`, `remark`) VALUES
(1, 1, 1, '儿子', 1, 'admin', NOW(), '紧急联系人'),
(2, 1, 2, '女儿', 0, 'admin', NOW(), ''),
(3, 2, 3, '儿子', 1, 'admin', NOW(), '紧急联系人'),
(4, 3, 4, '女儿', 1, 'admin', NOW(), '紧急联系人'),
(5, 4, 5, '儿子', 1, 'admin', NOW(), '紧急联系人'),
(6, 5, 6, '女儿', 1, 'admin', NOW(), '紧急联系人'),
(7, 6, 7, '儿子', 1, 'admin', NOW(), '紧急联系人'),
(8, 7, 8, '女儿', 1, 'admin', NOW(), '紧急联系人'),
(9, 8, 9, '儿子', 1, 'admin', NOW(), '紧急联系人'),
(10, 9, 10, '女儿', 1, 'admin', NOW(), '紧急联系人'),
(11, 10, 11, '儿子', 1, 'admin', NOW(), '紧急联系人'),
(12, 11, 12, '女儿', 1, 'admin', NOW(), '紧急联系人'),
(13, 12, 13, '儿子', 1, 'admin', NOW(), '紧急联系人'),
(14, 13, 14, '女儿', 1, 'admin', NOW(), '紧急联系人'),
(15, 14, 15, '儿子', 1, 'admin', NOW(), '紧急联系人');

-- =============================================================
-- 四、入住管理数据
-- =============================================================

-- ----------------------------
-- 13. 入住申请数据（包含已入住、待审核、已退住的申请记录）
-- ----------------------------
INSERT INTO `nursing_check_in` (`id`, `elder_id`, `bed_id`, `level_id`, `plan_id`, `apply_date`, `check_in_date`, `expected_check_out_date`, `check_out_date`, `status`, `audit_by`, `audit_time`, `audit_remark`, `create_by`, `create_time`, `remark`) VALUES
-- 已入住记录（二楼自理老人）
(1, 1, 1, 1, 1, '2026-01-01', '2026-01-05', '2027-01-05', NULL, 2, 'admin', '2026-01-03 10:00:00', '审核通过', 'admin', NOW(), '张三入住申请'),
(2, 2, 3, 1, 1, '2026-01-10', '2026-01-15', '2027-01-15', NULL, 2, 'admin', '2026-01-12 14:00:00', '审核通过', 'admin', NOW(), '李四入住申请'),
(3, 3, 5, 1, 1, '2026-02-01', '2026-02-05', '2027-02-05', NULL, 2, 'admin', '2026-02-03 09:00:00', '审核通过', 'admin', NOW(), '王五入住申请'),
(4, 4, 6, 1, 1, '2026-02-10', '2026-02-15', '2027-02-15', NULL, 2, 'admin', '2026-02-12 11:00:00', '审核通过', 'admin', NOW(), '赵六入住申请'),
(5, 5, 9, 1, 1, '2026-03-01', '2026-03-05', '2027-03-05', NULL, 2, 'admin', '2026-03-03 15:00:00', '审核通过', 'admin', NOW(), '钱七入住申请'),
(6, 6, 11, 1, 1, '2026-03-10', '2026-03-15', '2027-03-15', NULL, 2, 'admin', '2026-03-12 16:00:00', '审核通过', 'admin', NOW(), '孙八入住申请'),
-- 已入住记录（三楼半自理/不能自理老人）
(7, 7, 17, 2, 2, '2026-01-20', '2026-01-25', '2028-01-25', NULL, 2, 'admin', '2026-01-22 10:00:00', '审核通过，半自理', 'admin', NOW(), '周九入住申请'),
(8, 8, 18, 2, 2, '2026-01-25', '2026-01-30', '2028-01-30', NULL, 2, 'admin', '2026-01-27 14:00:00', '审核通过，半自理', 'admin', NOW(), '吴十入住申请'),
(9, 9, 19, 2, 2, '2026-02-05', '2026-02-10', '2028-02-10', NULL, 2, 'admin', '2026-02-07 09:00:00', '审核通过，半自理', 'admin', NOW(), '郑十一入住申请'),
(10, 10, 20, 2, 2, '2026-02-15', '2026-02-20', '2028-02-20', NULL, 2, 'admin', '2026-02-17 11:00:00', '审核通过，半自理', 'admin', NOW(), '王十二入住申请'),
(11, 11, 21, 3, 3, '2026-01-15', '2026-01-20', NULL, NULL, 2, 'admin', '2026-01-17 10:00:00', '审核通过，不能自理，长期居住', 'admin', NOW(), '冯十三入住申请'),
(12, 12, 23, 3, 3, '2026-01-20', '2026-01-25', NULL, NULL, 2, 'admin', '2026-01-22 14:00:00', '审核通过，不能自理，长期居住', 'admin', NOW(), '陈十四入住申请'),
(13, 13, 24, 3, 3, '2026-01-25', '2026-01-30', NULL, NULL, 2, 'admin', '2026-01-27 09:00:00', '审核通过，不能自理，长期居住', 'admin', NOW(), '褚十五入住申请'),
(14, 14, 27, 3, 3, '2026-02-01', '2026-02-05', NULL, NULL, 2, 'admin', '2026-02-03 11:00:00', '审核通过，不能自理，长期居住', 'admin', NOW(), '卫十六入住申请'),
(15, 15, 28, 3, 3, '2026-02-05', '2026-02-10', NULL, NULL, 2, 'admin', '2026-02-07 15:00:00', '审核通过，不能自理，长期居住', 'admin', NOW(), '蒋十七入住申请'),
-- 待审核记录
(16, 16, 8, 1, 1, '2026-06-20', NULL, '2027-06-20', NULL, 0, NULL, NULL, NULL, 'admin', NOW(), '沈十八入住申请，待审核'),
-- 已退住记录
(17, 18, NULL, 1, 1, '2025-06-01', '2025-06-05', '2026-06-05', '2025-12-20', 3, 'admin', '2025-12-18 10:00:00', '同意退住申请', 'admin', NOW(), '杨二十退住记录');

-- =============================================================
-- 五、健康评估数据
-- =============================================================

-- ----------------------------
-- 14. 健康评估数据（部分老人的评估记录）
-- ----------------------------
INSERT INTO `nursing_health_assessment` (`id`, `elder_id`, `assessment_date`, `assessor`, `physical_score`, `mental_score`, `daily_score`, `social_score`, `total_score`, `suggested_level`, `assessment_result`, `status`, `create_by`, `create_time`, `remark`) VALUES
(1, 1, '2026-01-05', '护理员A', 85, 90, 88, 82, 86, 1, '身体状况良好，精神状态佳，日常生活能力强，社交能力正常，建议自理级护理', 1, 'admin', NOW(), '入住评估'),
(2, 2, '2026-01-15', '护理员A', 82, 85, 80, 78, 81, 1, '身体状况尚可，精神状态稳定，日常生活基本自理，建议自理级护理', 1, 'admin', NOW(), '入住评估'),
(3, 7, '2026-01-25', '护理员B', 65, 70, 60, 55, 63, 2, '身体状况一般，精神状态尚可，日常生活需要部分协助，建议半自理级护理', 1, 'admin', NOW(), '入住评估'),
(4, 8, '2026-01-30', '护理员B', 60, 65, 55, 50, 58, 2, '身体机能有所下降，精神状态稳定，日常生活需要较多协助，建议半自理级护理', 1, 'admin', NOW(), '入住评估'),
(5, 11, '2026-01-20', '护理员C', 40, 50, 30, 35, 39, 3, '身体状况较差，精神状态一般，日常生活完全依赖他人，建议不能自理级护理', 1, 'admin', NOW(), '入住评估'),
(6, 12, '2026-01-25', '护理员C', 35, 45, 25, 30, 34, 3, '身体机能严重下降，精神状态不稳定，日常生活完全依赖，建议不能自理级护理', 1, 'admin', NOW(), '入住评估'),
(7, 7, '2026-06-01', '护理员B', 62, 68, 58, 52, 60, 2, '半年复评，身体状况略有下降，建议继续半自理级护理', 1, 'admin', NOW(), '半年复评'),
(8, 1, '2026-06-01', '护理员A', 83, 88, 85, 80, 84, 1, '半年复评，身体状况稳定，建议继续自理级护理', 1, 'admin', NOW(), '半年复评');

-- =============================================================
-- 六、护理排班数据
-- =============================================================

-- ----------------------------
-- 15. 护理排班数据（近一周的排班计划）
-- 护理员ID假设为sys_user表中的用户ID，这里使用100-102作为护理员ID示例
-- ----------------------------
INSERT INTO `nursing_arrange` (`id`, `arrange_no`, `elder_id`, `project_id`, `nurse_id`, `plan_date`, `plan_time`, `execute_time`, `execute_by`, `status`, `cancel_reason`, `create_by`, `create_time`, `remark`) VALUES
-- 2026-06-20 排班
(1, 'ARR-20260620-001', 1, 1, 100, '2026-06-20', '07:00', '2026-06-20 07:05:00', '护理员A', 1, NULL, 'admin', NOW(), '张三晨间护理，已执行'),
(2, 'ARR-20260620-002', 1, 2, 100, '2026-06-20', '21:00', NULL, NULL, 0, NULL, 'admin', NOW(), '张三晚间护理，待执行'),
(3, 'ARR-20260620-003', 7, 1, 101, '2026-06-20', '07:00', '2026-06-20 07:10:00', '护理员B', 1, NULL, 'admin', NOW(), '周九晨间护理，已执行'),
(4, 'ARR-20260620-004', 7, 4, 101, '2026-06-20', '08:00', '2026-06-20 08:15:00', '护理员B', 1, NULL, 'admin', NOW(), '周九用餐辅助，已执行'),
(5, 'ARR-20260620-005', 11, 1, 102, '2026-06-20', '07:00', '2026-06-20 07:08:00', '护理员C', 1, NULL, 'admin', NOW(), '冯十三晨间护理，已执行'),
(6, 'ARR-20260620-006', 11, 6, 102, '2026-06-20', '10:00', '2026-06-20 10:30:00', '护理员C', 1, NULL, 'admin', NOW(), '冯十三身体清洁，已执行'),
-- 2026-06-21 排班
(7, 'ARR-20260621-001', 1, 1, 100, '2026-06-21', '07:00', NULL, NULL, 0, NULL, 'admin', NOW(), '张三晨间护理，待执行'),
(8, 'ARR-20260621-002', 2, 1, 100, '2026-06-21', '07:00', NULL, NULL, 0, NULL, 'admin', NOW(), '李四晨间护理，待执行'),
(9, 'ARR-20260621-003', 7, 1, 101, '2026-06-21', '07:00', NULL, NULL, 3, NULL, 'admin', NOW(), '周九晨间护理，执行中'),
(10, 'ARR-20260621-004', 7, 5, 101, '2026-06-21', '09:00', NULL, NULL, 0, NULL, 'admin', NOW(), '周九服药护理，待执行'),
(11, 'ARR-20260621-005', 11, 1, 102, '2026-06-21', '07:00', NULL, NULL, 3, NULL, 'admin', NOW(), '冯十三晨间护理，执行中'),
(12, 'ARR-20260621-006', 11, 18, 102, '2026-06-21', '08:00', NULL, NULL, 0, NULL, 'admin', NOW(), '冯十三健康巡检，待执行'),
-- 2026-06-22 排班（已取消示例）
(13, 'ARR-20260622-001', 3, 1, 100, '2026-06-22', '07:00', NULL, NULL, 2, '老人请假外出', 'admin', NOW(), '王五晨间护理，已取消'),
(14, 'ARR-20260622-002', 3, 2, 100, '2026-06-22', '21:00', NULL, NULL, 2, '老人请假外出', 'admin', NOW(), '王五晚间护理，已取消');

-- =============================================================
-- 七、告警管理数据
-- =============================================================

-- ----------------------------
-- 16. 告警规则数据（5条告警规则）
-- ----------------------------
INSERT INTO `nursing_alert_rule` (`id`, `rule_name`, `alert_type`, `threshold`, `level`, `notify_type`, `status`, `create_by`, `create_time`, `remark`) VALUES
(1, '离床超时告警', 0, '超过30分钟', 2, 0, 1, 'admin', NOW(), '老人离床超过30分钟触发紧急告警'),
(2, '坠床告警', 1, '立即触发', 2, 2, 1, 'admin', NOW(), '检测到坠床立即触发紧急告警，电话通知'),
(3, '心率异常告警', 2, '心率<50或>120', 1, 1, 1, 'admin', NOW(), '心率异常触发重要告警'),
(4, '呼吸异常告警', 3, '呼吸<10或>30', 1, 1, 1, 'admin', NOW(), '呼吸异常触发重要告警'),
(5, '长时间不动告警', 4, '超过2小时', 0, 0, 1, 'admin', NOW(), '老人长时间不动触发一般告警');

-- ----------------------------
-- 17. 告警数据（近一周的告警记录）
-- ----------------------------
INSERT INTO `nursing_alert_data` (`id`, `alert_no`, `elder_id`, `bed_id`, `device_id`, `rule_id`, `alert_type`, `level`, `alert_value`, `alert_time`, `handle_time`, `handle_by`, `handle_result`, `status`, `create_by`, `create_time`, `remark`) VALUES
-- 已处理告警
(1, 'ALT-20260618-001', 11, 21, 5, 1, 0, 2, '离床35分钟', '2026-06-18 03:30:00', '2026-06-18 03:45:00', '护理员C', '老人上厕所后未及时返回，已协助回床', 2, 'admin', NOW(), '已处理'),
(2, 'ALT-20260619-001', 7, 17, 7, 3, 2, 1, '心率55', '2026-06-19 14:00:00', '2026-06-19 14:20:00', '护理员B', '老人午休心率偏低，已唤醒观察，恢复正常', 2, 'admin', NOW(), '已处理'),
-- 处理中告警
(3, 'ALT-20260620-001', 12, 23, 9, 1, 0, 2, '离床40分钟', '2026-06-20 22:00:00', NULL, NULL, NULL, 1, 'admin', NOW(), '处理中'),
-- 未处理告警
(4, 'ALT-20260621-001', 1, 1, 1, 5, 4, 0, '不动2小时', '2026-06-21 06:00:00', NULL, NULL, NULL, 0, 'admin', NOW(), '未处理'),
(5, 'ALT-20260621-002', 14, 27, NULL, 1, 0, 2, '离床检测', '2026-06-21 04:30:00', NULL, NULL, NULL, 0, 'admin', NOW(), '未处理'),
-- 已忽略告警
(6, 'ALT-20260619-002', 9, 19, 7, 3, 2, 1, '心率52', '2026-06-19 02:00:00', '2026-06-19 08:00:00', '护理员B', '老人正常睡眠心率偏低，无需处理', 3, 'admin', NOW(), '已忽略');

-- =============================================================
-- 八、合同管理数据
-- =============================================================

-- ----------------------------
-- 18. 合同数据（已入住老人的入住合同）
-- ----------------------------
INSERT INTO `nursing_contract` (`id`, `contract_no`, `elder_id`, `check_in_id`, `contract_type`, `sign_date`, `start_date`, `end_date`, `total_amount`, `status`, `terminate_reason`, `terminate_date`, `create_by`, `create_time`, `remark`) VALUES
-- 已生效合同
(1, 'CON-2026-001', 1, 1, 0, '2026-01-05', '2026-01-05', '2027-01-05', 36000.00, 2, NULL, NULL, 'admin', NOW(), '张三入住合同，一年期'),
(2, 'CON-2026-002', 2, 2, 0, '2026-01-15', '2026-01-15', '2027-01-15', 36000.00, 2, NULL, NULL, 'admin', NOW(), '李四入住合同，一年期'),
(3, 'CON-2026-003', 3, 3, 0, '2026-02-05', '2026-02-05', '2027-02-05', 42000.00, 2, NULL, NULL, 'admin', NOW(), '王五入住合同，一年期'),
(4, 'CON-2026-004', 7, 7, 0, '2026-01-25', '2026-01-25', '2028-01-25', 108000.00, 2, NULL, NULL, 'admin', NOW(), '周九入住合同，两年期'),
(5, 'CON-2026-005', 11, 11, 0, '2026-01-20', '2026-01-20', NULL, NULL, 2, NULL, NULL, 'admin', NOW(), '冯十三入住合同，长期居住'),
(6, 'CON-2026-006', 12, 12, 0, '2026-01-25', '2026-01-25', NULL, NULL, 2, NULL, NULL, 'admin', NOW(), '陈十四入住合同，长期居住'),
-- 已到期合同
(7, 'CON-2025-001', 18, 17, 0, '2025-06-05', '2025-06-05', '2026-06-05', 36000.00, 3, NULL, NULL, 'admin', NOW(), '杨二十入住合同，已到期'),
-- 已终止合同
(8, 'CON-2025-002', 18, 17, 0, '2025-06-05', '2025-12-20', '2026-06-05', 36000.00, 4, '老人退住', '2025-12-20', 'admin', NOW(), '杨二十合同提前终止');

-- =============================================================
-- 九、预约管理数据
-- =============================================================

-- ----------------------------
-- 19. 预约数据（来访预约、入住预约、参观预约）
-- ----------------------------
INSERT INTO `nursing_reservation` (`id`, `reservation_no`, `reservation_type`, `name`, `phone`, `elder_name`, `reservation_date`, `reservation_time`, `visitor_count`, `status`, `cancel_reason`, `create_by`, `create_time`, `remark`) VALUES
-- 已完成预约
(1, 'RES-20260610-001', 0, '张伟', '13900139001', '张三', '2026-06-10', '10:00-12:00', 2, 2, NULL, 'admin', NOW(), '家属来访，已完成'),
(2, 'RES-20260615-001', 2, '刘女士', '13800013899', NULL, '2026-06-15', '14:00-16:00', 3, 2, NULL, 'admin', NOW(), '参观预约，已完成'),
-- 已确认预约
(3, 'RES-20260625-001', 0, '李强', '13900139003', '李四', '2026-06-25', '09:00-11:00', 1, 1, NULL, 'admin', NOW(), '家属来访，已确认'),
(4, 'RES-20260626-001', 1, '韩十九', '13800138017', '韩十九', '2026-06-26', '10:00-12:00', 2, 1, NULL, 'admin', NOW(), '入住预约，已确认'),
-- 待确认预约
(5, 'RES-20260628-001', 2, '王先生', '13800013900', NULL, '2026-06-28', '15:00-17:00', 4, 0, NULL, 'admin', NOW(), '参观预约，待确认'),
(6, 'RES-20260630-001', 0, '周洁', '13900139008', '周九', '2026-06-30', '14:00-16:00', 2, 0, NULL, 'admin', NOW(), '家属来访，待确认'),
-- 已取消预约
(7, 'RES-20260618-001', 0, '赵明', '13900139005', '赵六', '2026-06-18', '10:00-12:00', 1, 3, '临时有事无法前来', 'admin', NOW(), '家属来访，已取消');

-- =============================================================
-- 数据初始化完成
-- =============================================================